学号,姓名,总成绩,等级,班级排名,每日测评,项目作品,课堂表现,推荐等级,讲师评语
001,张三,91.65,优秀,3月30日,54.15/60,28/30,9.5/10,优先推荐,该学员在10天训练营中表现优异，完全掌握了Python基础知识和AI标注技能。每日测评稳定高分，项目作品质量高，代码规范清晰。特别在Day5字典嵌套理解深刻，项目3实现了方法链式调用，展现出良好的编程思维。建议继续学习pandas库，提升数据处理能力。完全达到AI标注工程师岗位要求，推荐直接上岗！
002,李四,97.7,优秀,1月30日,58.2/60,29.5/30,10月10日,优先推荐,该学员表现极为出色！10天测评9次满分，项目三个版本均完美完成，课堂表现积极主动。代码质量优秀，思路清晰，具备独立解决问题的能力。Day7装饰器理解透彻，项目2日志分析工具设计优雅。建议直接上岗，可胜任中高级AI标注和数据清洗工作。
003,王五,84.15,良好,8月30日,51.15/60,25/30,8月10日,推荐就业,该学员在训练营中表现良好，基本掌握了Python核心知识。Day1-6基础知识扎实，项目v1/v2版本完成质量高。Day7-9高级特性理解不够深入，建议复习装饰器和生成器。项目v3版本OOP改造不完整，需加强面向对象编程。入职后多实践1-2周即可完全胜任岗位。达到AI标注工程师岗位要求，推荐就业！
004,赵六,92.6,优秀,2/30,56.1/60,27/30,9.5/10,优先推荐,该学员学习能力强，进步显著。测评成绩稳定在优秀线以上，项目作品完成度高。Day4列表推导式运用娴熟，Day8异常处理设计合理。课堂积极提问，主动思考。建议继续深入学习Python高级特性，具备成为优秀AI工程师的潜力。
005,钱七,89.8,良好,5月30日,54.3/60,26.5/30,9月10日,推荐就业,该学员整体表现良好，基础知识掌握扎实，项目完成质量不错。Day1-6基础部分表现优异，Day7-10高级部分略有欠缺。项目2日志分析工具功能完整但代码规范性有待提升。建议多阅读优秀代码，提升代码质量。达到岗位要求，推荐就业。
006,孙八,95.3,优秀,4月30日,57.3/60,28/30,10月10日,优先推荐,该学员表现优秀，学习态度认真，全勤且课堂互动积极。测评成绩优异，项目作品质量高，代码简洁优雅。Day6文件处理理解深刻，项目1文本清洗工具设计合理。建议继续学习数据分析库，向数据科学方向发展。完全达到岗位要求，优先推荐！
007,周九,77.15,及格,12月30日,48.15/60,22/30,7月10日,建议进修,该学员达到及格水平，对Python基础有一定了解。Day1-4基础语法基本掌握，但Day5-6字典、文件处理掌握不牢，Day7-9高级特性理解困难。项目代码规范性欠佳，功能实现不完整。建议重点复习Day5-9内容，每天至少1小时编程练习。建议参加进阶班或自学1个月后再求职。入门水平，需继续提升。
008,吴十,99.1,优秀,1月30日,59.1/60,30/30,10月10日,优先推荐,该学员表现极为优异，堪称本期标杆！10天全满分测评，三个项目全部满分，课堂表现完美。代码质量极高，思路清晰，具备很强的自学能力和问题解决能力。建议直接从事中高级AI工程师工作，或继续深造机器学习方向。
009,郑十一,86.6,良好,7月30日,53.1/60,25/30,8.5/10,推荐就业,该学员表现良好，基础知识掌握较好。测评成绩稳定，项目完成质量不错。Day3循环部分理解透彻，代码简洁。Day8-9部分高级特性掌握不够，项目v3版本完成度一般。建议加强OOP编程练习，提升代码设计能力。达到岗位要求，推荐就业。
010,陈十二,90.45,优秀,6月30日,54.45/60,26.5/30,9.5/10,优先推荐,该学员表现优秀，学习稳定，进步明显。测评成绩良好，项目作品质量高。Day2字符串处理理解深刻，Day7函数式编程运用娴熟。课堂积极互动，作业质量高。建议继续学习Web开发或数据分析，扩展技能树。完全达到岗位要求，推荐直接上岗！
011,学员11,0,,,0/60,0/30,0/10,,
012,学员12,0,,,0/60,0/30,0/10,,
013,学员13,0,,,0/60,0/30,0/10,,
014,学员14,0,,,0/60,0/30,0/10,,
015,学员15,0,,,0/60,0/30,0/10,,
016,学员16,0,,,0/60,0/30,0/10,,
017,学员17,0,,,0/60,0/30,0/10,,
018,学员18,0,,,0/60,0/30,0/10,,
019,学员19,0,,,0/60,0/30,0/10,,
020,学员20,0,,,0/60,0/30,0/10,,
021,学员21,0,,,0/60,0/30,0/10,,
022,学员22,0,,,0/60,0/30,0/10,,
023,学员23,0,,,0/60,0/30,0/10,,
024,学员24,0,,,0/60,0/30,0/10,,
025,学员25,0,,,0/60,0/30,0/10,,
026,学员26,0,,,0/60,0/30,0/10,,
027,学员27,0,,,0/60,0/30,0/10,,
028,学员28,0,,,0/60,0/30,0/10,,
029,学员29,0,,,0/60,0/30,0/10,,
030,学员30,0,,,0/60,0/30,0/10,,
,,,,,,,,,
说明:,,,,,,,,,
1. 本表从"学员总成绩统计表"自动生成,,,,,,,,,
2. 用于打印个人成绩单,,,,,,,,,
3. 讲师评语需根据每位学员实际情况个性化填写,,,,,,,,,
4. 参考"学员评分体系说明.md"中的评语模板,,,,,,,,,
,,,,,,,,,
评语模板参考:,,,,,,,,,
优秀(90-100分),表现优异/出色/极为优秀,完全掌握,代码规范/优雅/简洁,推荐直接上岗/优先推荐,,,,,
良好(80-89分),表现良好/不错,基本掌握,功能完整/质量较高,推荐就业/1-2周实践后胜任,,,,,
及格(60-79分),达到及格水平/有一定了解,掌握不牢/理解困难,规范性欠佳/功能不完整,建议进修/继续学习,,,,,
不及格(0-59分),未能达标/未掌握,基础薄弱/理解困难,无法运行/功能缺失,建议重修/不推荐就业,,,,,
